"status","chapter","search_date","query","video_url","video_id","title","presenter","channel","duration","upload_date","original_content_date","date_note","source_authority","qualification_evidence_url","playability","embed_status","learning_tier","classic_exception","classic_exception_reason","recent_alternative_search","commercial_disclosure","scope_note","last_verified_at","verifier","decision_reason"
"adopted","CH2","2026-08-01","site:youtube.com/watch ESSR knee ultrasound Part 1 2023","https://www.youtube.com/watch?v=dJwz_McEelo","dJwz_McEelo","„How to scan the Joints“ - Lower Limb: Knee Part 1, Saulius Rutkauskas","Saulius Rutkauskas, MD, PhD","ESSR Office","28:47","2023-03-15","","YouTube 說明只標 2021 educational video，精確錄製日未公開，維持 pending-date-verification。","professional-society-original","https://www.essr.org/workinggroups/","yt-dlp confirmed; unlisted but directly linked from ESSR e-learning","playable_in_embed=true; oEmbed 200","core","false","","knee ultrasound society; university; AIUM; AMSSM; recent named-expert alternatives","ESSR 與 YouTube 頁未載商業揭露；不推定無利益關係。","正常前、內、外側解剖與 live scan；不提供病理效能、報告或完整深部關節內排除。","2026-08-01","Codex + Rawls","官方學會原始來源、講者與資格可核對；一支涵蓋三區，是最小核心集合。"
"adopted","CH5","2026-08-01","site:youtube.com/watch ESSR knee ultrasound Part 2 2023","https://www.youtube.com/watch?v=_vOOjwdWNEY","_vOOjwdWNEY","„How to scan the Joints“ - Lower Limb: Knee Part 2, Saulius Rutkauskas,","Saulius Rutkauskas, MD, PhD","ESSR Office","23:00","2023-03-15","","YouTube 說明只標 2021 educational video，精確錄製日未公開，維持 pending-date-verification。","professional-society-original","https://www.essr.org/workinggroups/","yt-dlp confirmed; unlisted but directly linked from ESSR e-learning","playable_in_embed=true; oEmbed 200","core","false","","posterior knee ultrasound society; university; Baker cyst; DVT differential","ESSR 與 YouTube 頁未載商業揭露；不推定無利益關係。","正常後內、後外與膕窩 live scan；PCL 僅可見部分，並非正式 venous duplex。","2026-08-01","Codex + Rawls","與 Part 1 構成完整四區最小集合，且沒有介入操作。"
"rejected","CH2/CH6","2026-08-01","AMSSM knee ultrasound case presentation 2024","https://www.youtube.com/watch?v=9oADQrcj_qQ","9oADQrcj_qQ","Patellar Tendinopathy with Dr. Derek Stokes | AMSSM Sports Ultrasound Case Presentation","Derek Stokes, MD","The AMSSM","30:46","2024-03-01","","原始錄製日未另載。","professional-society-original","https://som.cuanschutz.edu/Profiles/Faculty/Profile/39568","yt-dlp public playback confirmed","playable_in_embed=true; oEmbed 200","extension","false","","ESSR knee Part 1; current anterior knee case alternatives","講者於 02:12 聲明 no disclosures。","單一髕腱病例；約 21:46 短述 aspiration。","2026-08-01","Rawls","診斷內容雖佳，但含介入片段；為維持 diagnostic-only 最小集合不發布。"
"rejected","CH3/CH6","2026-08-01","AMSSM knee ultrasound case presentation 2025","https://www.youtube.com/watch?v=NF2eDqFLMzo","NF2eDqFLMzo","Pes Anserine Bursitis with Dr. Mitchell Daugherty | Sports Ultrasound Case Presentation Series","Mitchell Daugherty, MD","The AMSSM","35:57","2025-07-25","","原始錄製日未另載。","professional-society-original","https://providers.beaconhealthsystem.org/1417481540/mitchell-daugherty-md","yt-dlp public playback confirmed","playable_in_embed=true; oEmbed 200","extension","false","","ESSR medial knee; recent MCL and pes anserine alternatives","講者於 00:56 聲明 nothing to disclose。","內側病例及技術陷阱；含 aspiration/injection safety 討論。","2026-08-01","Rawls","含介入討論且與 ESSR 內側核心重疊，維持候選不發布。"
"rejected","CH4/CH6","2026-08-01","AMSSM knee ultrasound case presentation 2024","https://www.youtube.com/watch?v=EPdbvE39xmQ","EPdbvE39xmQ","Lateral Parameniscal Cyst with Dr. Steven Jow | AMSSM Sports Ultrasound Case Presentation","Steven Jow, MD","The AMSSM","25:55","2024-02-02","","原始錄製日未另載。","professional-society-original","https://rehabmedicine.georgetown.edu/steven-jow-bio-page/","yt-dlp public playback confirmed","playable_in_embed=true; oEmbed 200","extension","false","","ESSR lateral knee; current parameniscal cyst alternatives","頁面與可取得字幕未見明確商業揭露。","外側 protocol、MRI correlation 與病例；15:37 起有 cyst aspiration。","2026-08-01","Rawls","包含介入片段；本版只收無介入的最小核心影片。"
"rejected","CH5/CH6","2026-08-01","AMSSM Baker cyst knee ultrasound case","https://www.youtube.com/watch?v=W-fEp1KPANs","W-fEp1KPANs","Atypical Baker's Cyst with Dr. Andrew Getzin | AMSSM Sports Ultrasound Case Presentation","Andrew Getzin, MD","The AMSSM","40:31","2021-12-10","","影片稱 prerecorded，未載錄製日。","professional-society-original","https://www.ithaca.edu/academics/school-health-sciences-and-human-performance/exercise-science-and-athletic-training/athletic-training/faculty-staff-medical-team","yt-dlp public playback confirmed","playable_in_embed=true; oEmbed 200","extension","false","","ESSR posterior knee; recent Baker cyst and DVT differential","講者聲明 no financial disclosures。","非典型 Baker cyst 單病例及 DVT differential；不是正式 venous duplex 教學。","2026-08-01","Rawls","病例長且非標準核心；後側基本路徑由 ESSR Part 2 覆蓋。"
"rejected","CH0/CH2","2026-08-01","knee ultrasound university physician four region survey","https://www.youtube.com/watch?v=bx0rT5U5ZU0","bx0rT5U5ZU0","Knee Ultrasound","James G. Wilcox, MD, FAAFP, RMSK","Indiana University School of Medicine POCUS","04:54","2022-12-12","","原始錄製日未另載。","university-medical-school","https://medicine.iu.edu/faculty/16988/wilcox-james","yt-dlp public playback confirmed","playable_in_embed=true; oEmbed 200","extension","false","","ESSR full knee scanning protocol","頁面未載商業揭露。","四區快速 survey。","2026-08-01","Rawls","過短且與 ESSR 完整路徑重複，列已驗證替代來源。"
"rejected","CH2-CH5","2026-08-01","臺大醫院 膝 超音波 掃描","https://www.youtube.com/watch?v=qecZx2jIr0Y","qecZx2jIr0Y","Ultrasound examination of the knee","","臺大醫院肌肉骨骼超音波中心 NTUH MSK Ultrasound center","08:48","2023-03-02","","原始錄製日、實際講者與資格未由影片或官方頁識別。","academic-medical-center-original","https://www.ntuh.gov.tw/PMR-MSK/Fpage.action?fid=3912&muid=2","yt-dlp public playback confirmed","playable_in_embed=true; oEmbed 200","extension","false","","recent official knee scan alternatives with named presenter","頁面未載商業揭露。","四區快速示範。","2026-08-01","Rawls","講者及資格無法確認，且與 ESSR 核心重複。"
"rejected","CH2-CH5","2026-08-01","recent knee MSK ultrasound patellar tendon ligaments bursa","https://www.youtube.com/watch?v=YPhzlKA13CQ","YPhzlKA13CQ","Knee MSK Ultrasound | Patellar Tendon, Ligaments & Bursa Assessment | SMUG Ultrasound Training","","SMUG MSK ultrasound training","18:08","2025-04-15","","原始錄製日與實際示範講者未公開。","commercial-medical-education","https://www.ultrasoundtraining.co.uk/faculty/","yt-dlp public playback confirmed","oEmbed available","extension","false","","ESSR 2023 named presenter; AMSSM named presenters","說明明確推廣付費 SMUG 課程。","多區掃描，但無法把影片內個人與 faculty 名單可靠配對。","2026-08-01","Codex + Gibbs","講者未知、商業推廣明顯，不能作 physician-facing core。"
"rejected","CH0/CH2","2026-08-01","knee ultrasound scan and inject recent","https://www.youtube.com/watch?v=ImE4euRG48k","ImE4euRG48k","How to Scan & Inject a Knee Joint with Ultrasound","","Sports Medicine Ultrasound","03:52","2023-04-17","","原始錄製日與講者未公開。","commercial-medical-education","","yt-dlp public playback confirmed","oEmbed available","extension","false","","diagnostic-only knee scanning sources","說明推廣商業 injection course。","標題與內容混合掃描和注射。","2026-08-01","Codex + Gibbs","介入為主且講者未確認，超出 diagnostic-only 範圍。"
"rejected","CH2","2026-08-01","Carlo Martinoli knee suprapatellar recess ultrasound","https://www.youtube.com/watch?v=K7uPFs7s_LY","K7uPFs7s_LY","Carlo Martinoli scans the suprapatellar recess","Carlo Martinoli, MD","Martinoli Ultrasound","04:01","2018-09-15","","影片頁未載錄製日。","expert-owned-original","https://martinoliultrasound.com/","yt-dlp public playback confirmed","playable_in_embed=true","extension","true","對髕上隱窩脂肪、lipoma arborescens 與滑膜有獨特短例示，但非完整 protocol。","Samsung/Jon Jacobson 2025 effusion and flexion shorts; ESSR 2023 core","說明推廣 Martinoli 付費課程，未載特定利益揭露。","小型病例示範，需以現行指引校正。","2026-08-01","Volta","雖講者權威且內容獨特，但過舊且非最小必需；不以經典例外擴張本版。"
"rejected","CH3","2026-08-01","Carlo Martinoli medial knee semimembranosus MCL ultrasound","https://www.youtube.com/watch?v=xQFbR2vj_B0","xQFbR2vj_B0","MCL and the anterior arm of the semimembranosus","Carlo Martinoli, MD","Martinoli Ultrasound","01:25","2018-05-23","","影片頁未載錄製日。","expert-owned-original","https://martinoliultrasound.com/","yt-dlp public playback confirmed","playable_in_embed=true","extension","true","展示細微的 MCL 與半膜肌前臂關係。","ESSR medial knee; Samsung/Jon Jacobson 2025 MCL short","說明推廣 Martinoli 付費課程，未載特定利益揭露。","解剖 pearl，不是完整韌帶損傷檢查。","2026-08-01","Volta","內容過舊、極短且已有近期完整核心；記錄候選但不收錄。"
"rejected","CH2-CH5","2026-08-01","Dr Iriarte knee ultrasound parts 1 2 3 4","https://www.youtube.com/watch?v=-2tLb4q2HuI","-2tLb4q2HuI","Anterior Knee Ultrasound – Anatomy & Scanning Technique | MSK Ultrasound Series (Part 1)","Iñigo Iriarte Posse, MD","MSK Ultrasound Tutorials – Dr. Iriarte","26:46","2020-05-21","","原始錄製日未另載。","expert-owned-original","https://sonomsk.no/index.php/en/forelesere-eng/inigo-iriarte-posse","yt-dlp public playback confirmed","oEmbed available","extension","true","具深度的前側 live scan。","ESSR 2023 official two-part course; recent SMUG and university alternatives","說明推廣 mskfreak 付費課程。","前側正常解剖與技術。","2026-08-01","Codex","早於 cutoff；ESSR 官方近期核心已覆蓋，不需經典例外。"
"rejected","CH3","2026-08-01","Dr Iriarte knee ultrasound medial part 2","https://www.youtube.com/watch?v=ihZNkUJGZ2s","ihZNkUJGZ2s","KNEE ULTRASOUND (PART 2/4) | Medial Side: Joint Line, MCL & Pes Anserinus","Iñigo Iriarte Posse, MD","MSK Ultrasound Tutorials – Dr. Iriarte","12:33","2020-06-01","","原始錄製日未另載。","expert-owned-original","https://sonomsk.no/index.php/en/forelesere-eng/inigo-iriarte-posse","yt-dlp public playback confirmed","oEmbed available","extension","true","具深度的內側 live scan。","ESSR 2023 official Part 1; recent MCL and pes alternatives","說明推廣 mskfreak 付費課程。","內側關節線、MCL 與鵝足。","2026-08-01","Codex","早於 cutoff；已有來源權威更高且近期的 ESSR 等效內容。"
"rejected","CH4","2026-08-01","Dr Iriarte knee ultrasound lateral part 3","https://www.youtube.com/watch?v=WeQ8YSqEaHY","WeQ8YSqEaHY","KNEE ULTRASOUND (PART 3/4) | Lateral Side: LCL, Biceps Femoris & IT Band Assessment","Iñigo Iriarte Posse, MD","MSK Ultrasound Tutorials – Dr. Iriarte","12:55","2020-06-09","","原始錄製日未另載。","expert-owned-original","https://sonomsk.no/index.php/en/forelesere-eng/inigo-iriarte-posse","yt-dlp public playback confirmed","oEmbed available","extension","true","具深度的外側 live scan。","ESSR 2023 official Part 1; recent named-expert lateral alternatives","說明推廣 mskfreak 付費課程。","LCL、股二頭肌與髂脛束。","2026-08-01","Codex","早於 cutoff；ESSR 官方近期內容已提供可驗證替代。"
"rejected","CH5","2026-08-01","Dr Iriarte knee ultrasound posterior part 4","https://www.youtube.com/watch?v=vB4zBgUtXBk","vB4zBgUtXBk","KNEE ULTRASOUND (PART 4/4) | Posterior Side: Anatomy & MSK Scan by Zones","Iñigo Iriarte Posse, MD","MSK Ultrasound Tutorials – Dr. Iriarte","24:01","2020-06-19","","原始錄製日未另載。","expert-owned-original","https://sonomsk.no/index.php/en/forelesere-eng/inigo-iriarte-posse","yt-dlp public playback confirmed","oEmbed available","extension","true","具深度的後側分區 live scan。","ESSR 2023 official Part 2; recent Baker cyst and posterior alternatives","說明推廣 mskfreak 付費課程。","後內、後外、中央膕窩與神經血管。","2026-08-01","Codex","早於 cutoff；ESSR Part 2 提供近期、官方且相同路徑的替代。"
"rejected","CH2-CH5","2026-08-01","how to ultrasound the knee older upload provenance","https://www.youtube.com/watch?v=Ku92aQAEyzc","Ku92aQAEyzc","How To Ultrasound of the Knee","Amy Wilkinson","Radiology Video - radiology made esay","14:39","2016-12-27","2009-08-03","Augusta curriculum identifies the matching original SonoWorld item and release date; current upload is not the original channel.","third-party-reupload","https://www.augusta.edu/colleges/medicine/em/ed/fellowships/ultrasound/ultrasoundfellowcurr.pdf","yt-dlp public playback confirmed","oEmbed available","extension","true","歷史性完整示範。","ESSR 2023 official source; recent university surveys","上傳頁未載揭露。","完整膝部示範但來源鏈不完整。","2026-08-01","Volta","疑似第三方重傳且有官方近期替代，不採用。"
"rejected","CH6","2026-08-01","Giorgio Tamborrini knee ultrasound YouTube","https://www.youtube.com/watch?v=GGZLxTAKjx0","GGZLxTAKjx0","Gelenkprobleme im Ultraschall","Giorgio Tamborrini, MD","GESUNDHEITHEUTE","23:14","2023-12-09","2023-12-09","電視節目上架與播出同日。","public-broadcast-health-program","https://www.hamad.qa/EN/All-Events/Qmusc/Speakers/International-Speakers/Pages/Tamborrini-Giorgio.aspx","yt-dlp public playback confirmed","playable_in_embed=true","extension","false","","Tamborrini knee ultrasound; ESSR knee tutorial; recent pathology videos","節目頁未載商業揭露。","大眾混合健康節目，非膝部系統教學且含無關內容。","2026-08-01","Volta","即使講者資格足夠，內容範圍不符合 physician-facing knee curriculum。"
